Tên xe ,Hình ảnh,Giá,id,type,file_type,file_media
Toyota Vios 1.5 E MT,Đanh-gia-xe-Toyota-Vios-1.5E-MT-2019-01a.png,478000000,6,1,png,media/Đanh-gia-xe-Toyota-Vios-1.5E-MT-2019-01a.png
Toyota Vios 1.5 E CVT,toyota-vios-phien-ban-15-e-cvt.png,531000000,6,1,png,media/toyota-vios-phien-ban-15-e-cvt.png
Toyota Vios 1.5 G CVT,toyota-vios-1-5-g-cvt-2019.jpg,581000000,6,1,jpg,media/toyota-vios-1-5-g-cvt-2019.jpg
Toyota Vios 1.5 VGR-S CVT,Toyota-Vios-E-CVT-2021.jpg,638000000,6,1,jpg,media/Toyota-Vios-E-CVT-2021.jpg
Toyota Innova 2.0 E MT,2127783toyota-innova-e.jpg,750000000,6,1,jpg,media/2127783toyota-innova-e.jpg
Toyota Innova 2.0 G AT,Toyota_Innova_G_2020_Zing_1_.jpg,865000000,6,1,jpg,media/Toyota_Innova_G_2020_Zing_1_.jpg
Toyota Innova 2.0 Venturer AT,innova-venture-1.jpg,879000000,6,1,jpg,media/innova-venture-1.jpg
Toyota Innova 2.0 V AT,0413761toyota-innova-v.jpg,989000000,6,1,jpg,media/0413761toyota-innova-v.jpg
Toyota Camry 2.0 G AT,dau-xe-camry-2019-2-0-g-min-1324730f24390.jpg,1029000000,6,1,jpg,media/dau-xe-camry-2019-2-0-g-min-1324730f24390.jpg
Toyota Camry 2.5 Q AT,toyota-camry-2-5q-2019-nhap-khau-1-thegioixeoto.jpg,1235000000,6,1,jpg,media/toyota-camry-2-5q-2019-nhap-khau-1-thegioixeoto.jpg
Toyota Rush S 1.5AT,xehay-toyota-rush-180918-3.jpg,636000000,6,1,jpg,media/xehay-toyota-rush-180918-3.jpg
Toyota Fortuner 2.4 MT 4X2 MT,toyota-fortuner-2-4g-4x2-mt-2018-1-1020959f1.jpg,955000000,6,1,jpg,media/toyota-fortuner-2-4g-4x2-mt-2018-1-1020959f1.jpg
Toyota Fortuner 2.4 AT 4X2,hình-ảnh-thực-tế-xe-ô-tô-toyota-fortuner-2021-tại-showroom-Toyota-Tây-Ninh-768x576,1080000000,6,1,,media/hình-ảnh-thực-tế-xe-ô-tô-toyota-fortuner-2021-tại-showroom-Toyota-Tây-Ninh-768x576
Toyota Fortuner 2.7 AT 4X2,Đánh-giá-Toyota-Fortuner-2.7-V-4x2-lăn-bánh-mua-xe-trả-góp-tại-TPHCM-ảnh-9-710x400.jpg,1130000000,6,1,jpg,media/Đánh-giá-Toyota-Fortuner-2.7-V-4x2-lăn-bánh-mua-xe-trả-góp-tại-TPHCM-ảnh-9-710x400.jpg
Toyota Fortuner 2.4 Legender AT 4X2,fortuner-legender-1-1.jpg,1195000000,6,1,jpg,media/fortuner-legender-1-1.jpg
Toyota Fortuner 2.7 AT 4X4,ngoai-that-toyota-fortuner-2021-10-147878j.jpg,1230000000,6,1,jpg,media/ngoai-that-toyota-fortuner-2021-10-147878j.jpg
Toyota Fortuner 2.8 AT 4X4 AT,toyota-fortuner-phien-ban-28at-4x4-88459.png,1388000000,6,1,png,media/toyota-fortuner-phien-ban-28at-4x4-88459.png
Toyota Fortuner 2.8 Legender AT 4X4,fortuner-legender-5.jpg,1426000000,6,1,jpg,media/fortuner-legender-5.jpg
Toyota Wigo 1.2 G MT,Toyota-Wigo-1.2-MT-2019-số-sàn.jpg,352000000,6,1,jpg,media/Toyota-Wigo-1.2-MT-2019-số-sàn.jpg
Toyota Wigo 1.2 G AT,20200728152834-549a_wm.jpg,384000000,6,1,jpg,media/20200728152834-549a_wm.jpg
Toyota YARIS 1.5G CVT,8W9_CYAN-METALLIC-1.png,668000000,6,1,png,media/8W9_CYAN-METALLIC-1.png
Toyota Corolla Altis 1.8 E CVT,Toyota-Corolla-Altis-1.8E-cvt-màu-Đen-218.png,733000000,6,1,png,media/Toyota-Corolla-Altis-1.8E-cvt-màu-Đen-218.png
Toyota Corolla Altis 1.8 G CVT,toyota-corolla-altis-2016-gia-bao-nhieu-co-gi-moi-1024x704.jpg,763000000,6,1,jpg,media/toyota-corolla-altis-2016-gia-bao-nhieu-co-gi-moi-1024x704.jpg
Kia Morning 1.25 Si AT,kia-morning-si-at-46584j.jpg,339000000,7,1,jpg,media/kia-morning-si-at-46584j.jpg
Kia Morning Deluxe,Kia-Morning-2-150719-1-3.jpg,355000000,7,1,jpg,media/Kia-Morning-2-150719-1-3.jpg
Kia Morning Luxury,20200606141002-251d_wm.jpg,393000000,7,1,jpg,media/20200606141002-251d_wm.jpg
Kia Morning Standard MT,Morning-MT.jpg,299000000,7,1,jpg,media/Morning-MT.jpg
Kia Cerato Deluxe,cetaro_deluxe.jpg,584000000,7,1,jpg,media/cetaro_deluxe.jpg
Kia Cerato 2.0 Premium,cetaro_premium.jpg,675000000,7,1,jpg,media/cetaro_premium.jpg
Kia Cerato Sport,cetaro_sport.jpg,675000000,7,1,jpg,media/cetaro_sport.jpg
Kia Cerato 1.6 AT,cetaro_1.6at.jpg,589000000,7,1,jpg,media/cetaro_1.6at.jpg
Kia Sedona 2.2 DAT Deluxe,sedona_deluxe.jpg,1019000000,7,1,jpg,media/sedona_deluxe.jpg
Kia Sedona 2.2 DAT Luxury,sedona_luxury.jpg,1149000000,7,1,jpg,media/sedona_luxury.jpg
Kia Sedona 2.2 DAT Signature,sedona_signature.jpg,1289000000,7,1,jpg,media/sedona_signature.jpg
Kia Sedona 3.3 GAT Premium,sedona_premium.jpg,1359000000,7,1,jpg,media/sedona_premium.jpg
Kia Sedona 3.3 GAT Signature,sedona_gat_signature.jpg,1519000000,7,1,jpg,media/sedona_gat_signature.jpg
Kia Sorento Luxury,senona_luxury.jpg,1099000000,7,1,jpg,media/senona_luxury.jpg
Kia Sorento Premium,senona_premium.jpg,1179000000,7,1,jpg,media/senona_premium.jpg
Kia Sorento Signature,senona_signature.jpg,1279000000,7,1,jpg,media/senona_signature.jpg
Kia Sorento Deluxe,senona_deluxe.jpg,1079000000,7,1,jpg,media/senona_deluxe.jpg
Kia Soluto MT,soluto_mt.jpg,369000000,7,1,jpg,media/soluto_mt.jpg
Kia Soluto MT Deluxe,soluto_mt_deluxe.jpg,404000000,7,1,jpg,media/soluto_mt_deluxe.jpg
Kia Soluto AT Deluxe,soluto_at_deluxe.jpg,429000000,7,1,jpg,media/soluto_at_deluxe.jpg
Kia Soluto AT Luxury,soluto_at_luxury.jpg,469000000,7,1,jpg,media/soluto_at_luxury.jpg
Kia Rio Sedan,rio_sedan.jpg,470000000,7,1,jpg,media/rio_sedan.jpg
Kia Ro Hatchback,rio_hatchback.jpg,592000000,7,1,jpg,media/rio_hatchback.jpg
Kia Rondo 2.0 Standard MT,rondo_standard.jpg,559000000,7,1,jpg,media/rondo_standard.jpg
Kia Rondo 2.0 Luxury,rondo_luxury.jpg,655000000,7,1,jpg,media/rondo_luxury.jpg
Kia K3 1.6,k3_1.6.jpg,475000000,7,1,jpg,media/k3_1.6.jpg
Kia K3 2.0,k3_2.0.jpg,535000000,7,1,jpg,media/k3_2.0.jpg
Mazda 3 Sport Deluxe,mazda3_sport_deluxe.jpg,699000000,8,1,jpg,media/mazda3_sport_deluxe.jpg
Mazda 3 Sport Luxury,mazda3_sport_luxury.jpg,744000000,8,1,jpg,media/mazda3_sport_luxury.jpg
Mazda 3 Sport Premium,mazda3_sport_premium.jpg,799000000,8,1,jpg,media/mazda3_sport_premium.jpg
Mazda 3 Sedan Deluxe,mazda3_sedan_deluxe.jpg,699000000,8,1,jpg,media/mazda3_sedan_deluxe.jpg
Mazda 3 Senda Luxury,mazda3_sedan_luxury.jpg,729000000,8,1,jpg,media/mazda3_sedan_luxury.jpg
Mazda 3 Senda Premium,mazda3_sedan_premium.jpg,799000000,8,1,jpg,media/mazda3_sedan_premium.jpg
Mazda CX5 2.0 Deluxe AT,mazda_cx5_deluxe_at.jpg,839000000,8,1,jpg,media/mazda_cx5_deluxe_at.jpg
Mazda CX5 2.0 Luxury,mazda_cx5_20luxury.jpg,879000000,8,1,jpg,media/mazda_cx5_20luxury.jpg
Mazda CX5 2.5 Luxury,mazda_cx5_25luxury.jpg,889000000,8,1,jpg,media/mazda_cx5_25luxury.jpg
Mazda CX5 2.0 Premium,mazda_cx5_20premium.jpg,919000000,8,1,jpg,media/mazda_cx5_20premium.jpg
Mazda CX5 2.5 Premium I-activesense,mazda_cx5_25premium_iactivesense.jpg,999000000,8,1,jpg,media/mazda_cx5_25premium_iactivesense.jpg
Mazda CX5 2.5 Premium I-actv AWD,mazda_cx5_premium_iactv_awd.jpg,1059000000,8,1,jpg,media/mazda_cx5_premium_iactv_awd.jpg
Mazda 6 2.0 Luxury AT,mazda_6_luxury.jpg,889000000,8,1,jpg,media/mazda_6_luxury.jpg
Mazda 6 2.0 Premium AT,mazda_6_premium.jpg,949000000,8,1,jpg,media/mazda_6_premium.jpg
Mazda 6 2.5 Signature Premium AT,mazda_6_signature.jpg,1049000000,8,1,jpg,media/mazda_6_signature.jpg
Mazda 2 Sedan,mazda_2_sedan.jpg,479000000,8,1,jpg,media/mazda_2_sedan.jpg
Mazda 2 Hatchback,mazda_2_hatchback.jpg,519000000,8,1,jpg,media/mazda_2_hatchback.jpg
Mazda CX8 2.5 Skyactiv-T Deluxe AT,mazda_cx8_deluxe.jpg,999000000,8,1,jpg,media/mazda_cx8_deluxe.jpg
Mazda CX8 2.5 Skyactiv-T Luxury AT,mazda_cx8_luxury.jpg,1059000000,8,1,jpg,media/mazda_cx8_luxury.jpg
Mazda CX8 2.5 Skyactiv-T Premuim AT,mazda_cx8_premium.jpg,1169000000,8,1,jpg,media/mazda_cx8_premium.jpg
Mazda CX8 2.5 Skyactiv-T Premuim AT 4WD,mazda_cx8_premium4wd.jpg,1259000000,8,1,jpg,media/mazda_cx8_premium4wd.jpg
Mazda CX9,mazda_cx9.jpg,1855000000,8,1,jpg,media/mazda_cx9.jpg
Mazda BT-50 Standard 4x4,mazda_bt_50.jpg,569000000,8,1,jpg,media/mazda_bt_50.jpg
Mazda BT-50 Deluxe 4x2,mazda_bt_50.jpg,604000000,8,1,jpg,media/mazda_bt_50.jpg
Mazda BT-50 Luxury 4x2,mazda_bt_50.jpg,634000000,8,1,jpg,media/mazda_bt_50.jpg
Mazda BT-50 Premium 4x4,mazda_bt_50.jpg,749000000,8,1,jpg,media/mazda_bt_50.jpg
Mazda 323,mazda_323.jpg,150000000,8,1,jpg,media/mazda_323.jpg
Ford Ranger XL,ford_ranger_xl.jpg,616000000,9,1,jpg,media/ford_ranger_xl.jpg
Ford Ranger Limid,ford_ranger_limit.jpg,799000000,9,1,jpg,media/ford_ranger_limit.jpg
Ford Ranger XLS,ford_ranger_xls.jpg,630000000,9,1,jpg,media/ford_ranger_xls.jpg
Ford Ranger Wildtrak,ford_ranger_wildtrak.jpg,860000000,9,1,jpg,media/ford_ranger_wildtrak.jpg
Ford Ranger Raptor,ford_ranger_raptor.jpg,925000000,9,1,jpg,media/ford_ranger_raptor.jpg
Ford Everest Ambiente 2.0L MT 4X2,ford_everest_ambiente.jpg,999000000,9,1,jpg,media/ford_everest_ambiente.jpg
Ford Everest Ambiente 2.0L AT 4X2,ford_everest_ambiente.jpg,1052000000,9,1,jpg,media/ford_everest_ambiente.jpg
Ford Everest Titanium 2.0L AT 4X2,ford_everest_titanium.jpg,1181000000,9,1,jpg,media/ford_everest_titanium.jpg
Ford Everest Titanium 2.0L AT 4WD,ford_everest_titanium.jpg,1399000000,9,1,jpg,media/ford_everest_titanium.jpg
Ford Explorer,ford_explorer.jpg,1999000000,9,1,jpg,media/ford_explorer.jpg
Focus Titanium 4 cửa 1.5L-6AT,ford_focus_titanium.jpg,770000000,9,1,jpg,media/ford_focus_titanium.jpg
Focus Sport+ 5 cửa 1.5L-6AT,ford_focus_sport.jpg,770000000,9,1,jpg,media/ford_focus_sport.jpg
Focus Trend 4 cửa (mới) 1.5L-6AT,ford_focus_trend4.jpg,626000000,9,1,jpg,media/ford_focus_trend4.jpg
Focus Trend 5 cửa 1.5L-6AT,ford_focus_trend4.jpg,626000000,9,1,jpg,media/ford_focus_trend4.jpg
1.5L AT Trend,ford_ecosport_trend.jpg,603000000,9,1,jpg,media/ford_ecosport_trend.jpg
1.5L AT Titanium,ford_ecosport_titanium.jpg,646000000,9,1,jpg,media/ford_ecosport_titanium.jpg
1.0L AT Titanium,ford_ecosport_titanium.jpg,686000000,9,1,jpg,media/ford_ecosport_titanium.jpg
Ford Escape S 1.5L FWD,ford_escape_s.jpg,606000000,9,1,jpg,media/ford_escape_s.jpg
Ford Escape SE 1.5L AWD,ford_escape_se.jpg,693000000,9,1,jpg,media/ford_escape_se.jpg
Ford Escape SEL 1.5L AWD,ford_escape_sel.jpg,743000000,9,1,jpg,media/ford_escape_sel.jpg
Ford Escape Titanium 2.0L AWD,ford_escape_titanium.jpg,884000000,9,1,jpg,media/ford_escape_titanium.jpg
Ford Escape SE Sport Hybrid AWD,ford_escape_se_sport.jpg,720000000,9,1,jpg,media/ford_escape_se_sport.jpg
Ford Transit,ford_transit.jpg,798000000,9,1,jpg,media/ford_transit.jpg
Ford Fiesta 1.5L Sport 5 cửa AT,fordthanglong-031-700x466.jpg,564000000,9,1,jpg,media/fordthanglong-031-700x466.jpg
Ford Fiesta 1.0L Sport+ AT,Thân-trước-bên-trái-Ford-Fiesta-1.0L-Sport-AT.jpg,560000000,9,1,jpg,media/Thân-trước-bên-trái-Ford-Fiesta-1.0L-Sport-AT.jpg
Ford Fiesta 1.5L Titanium 4 cửa AT,ford-fiesta-1.5l-at-titanium-4-cua_01.jpg,616000000,9,1,jpg,media/ford-fiesta-1.5l-at-titanium-4-cua_01.jpg
Hyundai Accent 1.4MT,unnamed.jpg,472000000,10,1,jpg,media/unnamed.jpg
Hyundai Accent 1.4AT,6e7bdcb3289dc6c39f8c.jpg,501000000,10,1,jpg,media/6e7bdcb3289dc6c39f8c.jpg
Hyundai 1.4AT Đặc BiệT,30eded12-20201103_084713.jpg,542000000,10,1,jpg,media/30eded12-20201103_084713.jpg
Hyundai Tucson 2.0 Bản Tiêu Chuẩn,92818488_1896242764008650_6953259766814605312_o_larf.jpg,799000000,10,1,jpg,media/92818488_1896242764008650_6953259766814605312_o_larf.jpg
Hyundai Tucson 2.0 Bản Đặc Biệt,mat-truoc-tucson-2019-2.0-dac-biet.jpg,878000000,10,1,jpg,media/mat-truoc-tucson-2019-2.0-dac-biet.jpg
Hyundai Tucson 1.6 Bản Đặc Biệt,tucson-1.6-turbo-1.jpg,932000000,10,1,jpg,media/tucson-1.6-turbo-1.jpg
Hyundai Tucson 2.0 Diesel Bản Đặc Biệt,gia-xe-hyundai-tucson-2019-may-xang-dac-biet-20l-muaxegiatot-vn-1.jpg,940000000,10,1,jpg,media/gia-xe-hyundai-tucson-2019-may-xang-dac-biet-20l-muaxegiatot-vn-1.jpg
Hyundai Elantra 1.6 MT,66.jpg,580000000,10,1,jpg,media/66.jpg
Hyundai Elantra 1.6 AT,c9303a5bc02a24747d3b.jpg,655000000,10,1,jpg,media/c9303a5bc02a24747d3b.jpg
Hyundai Elantra 2.0 AT,ban-hyundai-elantra-2-0at-doi-2017-mau-do.jpg,699000000,10,1,jpg,media/ban-hyundai-elantra-2-0at-doi-2017-mau-do.jpg
Hyundai Elantra Sport 1.6 T-GDi,bao_gia_xe_elantra_mau_do.jpg,769000000,10,1,jpg,media/bao_gia_xe_elantra_mau_do.jpg
Hyundai Getz,danh-gia-ve-dong-xe-hyundai-getz-bBIpJsAS5g.jpg,310000000,10,1,jpg,media/danh-gia-ve-dong-xe-hyundai-getz-bBIpJsAS5g.jpg
Hyundai Grand i10 Hatchback 1.2 MT base,hyundai-grand-i10-mt-base.jpg,330000000,10,1,jpg,media/hyundai-grand-i10-mt-base.jpg
Hyundai Grand Hatchback i10 1.2 AT,15_hyundai_grand_i10_hatch_back_do_hyundai_dong_do_5-1024x683-1024x683.jpg,405000000,10,1,jpg,media/15_hyundai_grand_i10_hatch_back_do_hyundai_dong_do_5-1024x683-1024x683.jpg
Hyundai Grand i10 Hatchback 1.2 MT,7dd63b46-52ee-8b64-bd73-88bffdc7a264.jpg,380000000,10,1,jpg,media/7dd63b46-52ee-8b64-bd73-88bffdc7a264.jpg
Hyundai Grand i10 sedan 1.2 MT base,9min_DPShhjJM.png,3440000000,10,1,png,media/9min_DPShhjJM.png
Hyundai Grand I10 sedan 1.2 MT,hyundai-grand-i10-sedan-mt-2017-nhap-khau-2-1024x768.jpg,384000000,10,1,jpg,media/hyundai-grand-i10-sedan-mt-2017-nhap-khau-2-1024x768.jpg
Hyundai Grand I10 sedan 1.2 AT,hyundai-grand-i10-sedan-1-2atso-tu-dong.jpg,408000000,10,1,jpg,media/hyundai-grand-i10-sedan-1-2atso-tu-dong.jpg
Hyundai Kona 2.0AT Tiêu ChuẩN,22min_DfCznW3N.jpg,636000000,10,1,jpg,media/22min_DfCznW3N.jpg
Hyundai Kona 2.0AT Đặc BiệT,hyundai-kona-2018-viet-nam-tuvanmuaxe-9.jpg,699000000,10,1,jpg,media/hyundai-kona-2018-viet-nam-tuvanmuaxe-9.jpg
Hyundai Kona 1.6 Tubro,Hyundai-Kona-1.6-Turbo-3.jpg,750000000,10,1,jpg,media/Hyundai-Kona-1.6-Turbo-3.jpg
Hyundai Santa Fe 2.4 Xăng ThườNg,c4fdfa9a768dab9fa5721960x720-935a-4IPqDMrpuU.jpg,955000000,10,1,jpg,media/c4fdfa9a768dab9fa5721960x720-935a-4IPqDMrpuU.jpg
Hyundai Santa Fe 2.2 Dầu ThườNg,Bảng-Giá-xe-Hyundai-Santafe-2019-kèm-hình-ảnh-và-giá-bán-cập-nhật11.jpg,1055000000,10,1,jpg,media/Bảng-Giá-xe-Hyundai-Santafe-2019-kèm-hình-ảnh-và-giá-bán-cập-nhật11.jpg
Hyundai Santa Fe 2.4 Xăng Đặc BiệT,4257373_Tinhte-Huyndai-Santa-Fe-2019-_19.jpg,1135000000,10,1,jpg,media/4257373_Tinhte-Huyndai-Santa-Fe-2019-_19.jpg
Hyundai Santa Fe 2.4 Xăng Cao CấP,santafe-1.jpg,1185000000,10,1,jpg,media/santafe-1.jpg
Hyundai Santa Fe 2.2 Dầu Đặc BiệT,Santafe-2019-46.jpg,1195000000,10,1,jpg,media/Santafe-2019-46.jpg
Hyundai Santa Fe 2.2 Dầu Cao CấP,santafe-may-dau-cao-cap-2019-hyundai-pham-van-dong-22.png,1245000000,10,1,png,media/santafe-may-dau-cao-cap-2019-hyundai-pham-van-dong-22.png
Hyundai Sonata 6AT,gia-xe-hyundai-sonat-88fb.jpg,999000000,10,1,jpg,media/gia-xe-hyundai-sonat-88fb.jpg
Honda City 1.5 G,gia-xe-honda-city-g-2021-muaxegiatot-vn.jpg,529000000,11,1,jpg,media/gia-xe-honda-city-g-2021-muaxegiatot-vn.jpg
Honda City 1.5 L,honda-city-l-1.jpg,569000000,11,1,jpg,media/honda-city-l-1.jpg
Honda City 1.5 RS,honda-city-1-2.jpg,599000000,11,1,jpg,media/honda-city-1-2.jpg
Honda Civic 1.8 E,gia-honda-civic-18e-2020-muaxegiatot-vn.jpg,729000000,11,1,jpg,media/gia-honda-civic-18e-2020-muaxegiatot-vn.jpg
Honda Civic 1.8 G,xe-honda-civic-g-mau-trang-600x305.png,789000000,11,1,png,media/xe-honda-civic-g-mau-trang-600x305.png
Honda Civic 1.5 RS,honda_brio_2020_honda_tay_ho_04.jpg,929000000,11,1,jpg,media/honda_brio_2020_honda_tay_ho_04.jpg
Honda Brio 1.2 G,honda-brio-g-img1-1305292f28193.jpg,418000000,11,1,jpg,media/honda-brio-g-img1-1305292f28193.jpg
Honda Brio 1.2 RS,honda-brio-1-2-rs-1215231j27462.jpg,448000000,11,1,jpg,media/honda-brio-1-2-rs-1215231j27462.jpg
Honda Jazz RS,honda-jazz-rs-review-autodaily-09-1.jpg,624000000,11,1,jpg,media/honda-jazz-rs-review-autodaily-09-1.jpg
Honda Jazz VX,jazz-1.jpg,594000000,11,1,jpg,media/jazz-1.jpg
Honda Jazz V,thumb-1-1.jpg,544000000,11,1,jpg,media/thumb-1-1.jpg
Honda CR-V 1.5 E,m_1580978707.466.jpg,998000000,11,1,jpg,media/m_1580978707.466.jpg
Honda CR-V 1.5 G,honda_crv_2020_facelift_-36.jpg,1048000000,11,1,jpg,media/honda_crv_2020_facelift_-36.jpg
Honda CR-V 1.5 L,honda_crv_2020_facelift_-32.jpg,1118000000,11,1,jpg,media/honda_crv_2020_facelift_-32.jpg
Honda HR-V G,hrv-g-1.jpg,786000000,11,1,jpg,media/hrv-g-1.jpg
Honda HR-V L,xe-honda-HR-V-L-2019.jpg,866000000,11,1,jpg,media/xe-honda-HR-V-L-2019.jpg
Honda Accord,giá xe.jpg,1300000000,11,1,jpg,media/giá xe.jpg
Honda Odyssey,mau-xe-honda-odyssey-lunar-silver-25982.jpg,1990000000,11,1,jpg,media/mau-xe-honda-odyssey-lunar-silver-25982.jpg
Mercedes-Benz C 180 AMG,mercedes_c_180.jpg,1400000000,12,1,jpg,media/mercedes_c_180.jpg
Mercedes-Benz C 200 Exclusive,mercedes_c_200.jpg,1700000000,12,1,jpg,media/mercedes_c_200.jpg
Mercedes-Benz C 300 AMG,mercedes_c_300.jpg,2194000000,12,1,jpg,media/mercedes_c_300.jpg
Mercedes-Benz 3.0 S 450 L,20190305113745-93de.jpg,4299000000,12,1,jpg,media/20190305113745-93de.jpg
Mercedes-Benz 3.0 S 450 L Luxury,s450-1.jpg,4969000000,12,1,jpg,media/s450-1.jpg
Mercedes-Benz 3.0 Mercedes-Maybach S 450 4MATIC,gia-xe-mercedes-benz-54a5.jpg,7469000000,12,1,jpg,media/gia-xe-mercedes-benz-54a5.jpg
Mercedes-Benz 4.0 Mercedes-Maybach S 560 4MATIC,xehay-mer-maybach-s560-19032019-2.jpg,11100000000,12,1,jpg,media/xehay-mer-maybach-s560-19032019-2.jpg
Mercedes-Benz 6.0 Mercedes-Maybach S 650,danh-gia-xe-mercedes-s650-kem-bang-gia-moi-nhat-tai-dai-ly-1.jpg,14900000000,12,1,jpg,media/danh-gia-xe-mercedes-s650-kem-bang-gia-moi-nhat-tai-dai-ly-1.jpg
Mercedes-Benz G-Class 2021,Mercedes-G63-Trail-Package-VnExpress2-1595141855.jpg,10950000000,12,1,jpg,media/Mercedes-G63-Trail-Package-VnExpress2-1595141855.jpg
Mercedes Sprinter,2019_Mercedes-Benz_Sprinter_314_CDi_2.1.jpg,2700000000,12,1,jpg,media/2019_Mercedes-Benz_Sprinter_314_CDi_2.1.jpg
Mercedes-Benz 1.5 E 180,mercedes-benz-e180-ra-mat.jpg,2050000000,12,1,jpg,media/mercedes-benz-e180-ra-mat.jpg
Mercedes-Benz 2.0 E 200 Exclusive,danhgiaxe.com-mercedes-benz-e200-exclusive-2020-1-2-194812 .jpg,2290000000,12,1,jpg,media/danhgiaxe.com-mercedes-benz-e200-exclusive-2020-1-2-194812 .jpg
Mercedes-Benz 2.0 E 300 AMG,merc-e300-amg-1.jpg,2920000000,12,1,jpg,media/merc-e300-amg-1.jpg
Mercedes-Benz 2.0 CLA 250,mercedes-benz-cla-250-amg-4matic-rot-gia-gan-900-t-a19a.jpeg,1869000000,12,1,peg,media/mercedes-benz-cla-250-amg-4matic-rot-gia-gan-900-t-a19a.jpeg
Mercedes-Benz 2.0 CLA 250 Sport,Mercedes-Benz-CLA250-Sport-4Matic-Malaysia-001-630x323.jpg,1949000000,12,1,jpg,media/Mercedes-Benz-CLA250-Sport-4Matic-Malaysia-001-630x323.jpg
Mercedes-Benz 2.0 GLK,104748770_3353395268027725_1464570703242189509_o_hnaj.jpg,1600000000,12,1,jpg,media/104748770_3353395268027725_1464570703242189509_o_hnaj.jpg
BMW 3-Series 2.0 320I Sport Line,bmw-320-m-sport-2020-oto-com-vn-7-a886.jpg,1859000000,13,1,jpg,media/bmw-320-m-sport-2020-oto-com-vn-7-a886.jpg
BMW 3-Series 2.0 320I Sport Line Plus,bmw-320i-sportline-plus-1.jpg,2129000000,13,1,jpg,media/bmw-320i-sportline-plus-1.jpg
BMW 3-Series 2.0 330I M Sport,bmw_330i_msport_4.jpg,2459000000,13,1,jpg,media/bmw_330i_msport_4.jpg
BMW 7-Series 2.0 730Li M Sport,BMW-730Li-M-Sport-2020-lan-banh-gan-4000-cay-so-ban-lai-van-dat-hon-Mercedes-Benz-S-450-mua-moi-2-1609315479-945-width660height495.jpg,4319000000,13,1,jpg,media/BMW-730Li-M-Sport-2020-lan-banh-gan-4000-cay-so-ban-lai-van-dat-hon-Mercedes-Benz-S-450-mua-moi-2-1609315479-945-width660height495.jpg
BMW 7-Series 2.0 730Li,bmw-730li-autodaily-044-1.jpg,4929000000,13,1,jpg,media/bmw-730li-autodaily-044-1.jpg
BMW 7-Series 3.0 740Li,bmw-7-series-2020-740li-lci-tuvanmuaxe-2.jpg,6249000000,13,1,jpg,media/bmw-7-series-2020-740li-lci-tuvanmuaxe-2.jpg
BMW X5 3.0 XDrive40i AT 4WD,bmw-x5-phien-ban-xdrive40i-xline.png,4099000000,13,1,png,media/bmw-x5-phien-ban-xdrive40i-xline.png
BMW X5 3.0 XDrive40i XLine Plus,bmw-x5-xline-plus-5.jpg,4699000000,13,1,jpg,media/bmw-x5-xline-plus-5.jpg
BMW X6 xDrive40i M,gia-xe-bmw-x6-2020-2021-muaxegiatot-vn-2.jpg,5029000000,13,1,jpg,media/gia-xe-bmw-x6-2020-2021-muaxegiatot-vn-2.jpg
BMW 5-Series 1.6 520I,bmw-520i-1555406598.jpg,1999000000,13,1,jpg,media/bmw-520i-1555406598.jpg
BMW 5-Series 2.0 530I,gia-xe-bmw-530i-2019.jpg,2599000000,13,1,jpg,media/gia-xe-bmw-530i-2019.jpg
BMW 420i Grand Coupe,bmw_420i_gran_coupe_10__delw.jpg,1999000000,13,1,jpg,media/bmw_420i_gran_coupe_10__delw.jpg
BMW X3 2.0 XDrive20i AT 4WD,bmw-x3-phien-ban-xdrive20i.png,2279000000,13,1,png,media/bmw-x3-phien-ban-xdrive20i.png
BMW X3 2.0 XDrive30i AT 4WD,bmw-x3-phien-ban-xdrive30i-xline.png,2409000000,13,1,png,media/bmw-x3-phien-ban-xdrive30i-xline.png
BMW X3 2.0 XDrive30i M Sport AT 4WD,bmw-x3-2020-suv-02.jpg,2599000000,13,1,jpg,media/bmw-x3-2020-suv-02.jpg
BMW X1 sDrive18i (2018),IMG-9113_1545304467_VnEx.jfif,1344000000,13,1,fif,media/IMG-9113_1545304467_VnEx.jfif
BMW X1 sDrive18i LCi xLine 2019,Danh-gia-xe-BMW-X1-sDrive18i-xLine-LCi-2020-2021-Muaxegiatot-vn-16.jpg,1829000000,13,1,jpg,media/Danh-gia-xe-BMW-X1-sDrive18i-xLine-LCi-2020-2021-Muaxegiatot-vn-16.jpg
BMW X1 sDrive18i LCi xLine 2020,Danh-gia-xe-BMW-X1-sDrive18i-xLine-LCi-2020-2021-Muaxegiatot-vn-16.jpg,1849000000,13,1,jpg,media/Danh-gia-xe-BMW-X1-sDrive18i-xLine-LCi-2020-2021-Muaxegiatot-vn-16.jpg
Mitsubishi Xpander 1.5 MT,mitsubishi-xpander-2019-viet-nam-tuvanmuaxe-10.jpg,555000000,14,1,jpg,media/mitsubishi-xpander-2019-viet-nam-tuvanmuaxe-10.jpg
Mitsubishi Xpander 1.5 AT,gia-xe-mitsubishi-xpander-2020-2021-at-muaxegiatot-vn-1.jpg,630000000,14,1,jpg,media/gia-xe-mitsubishi-xpander-2020-2021-at-muaxegiatot-vn-1.jpg
Mitsubishi Xpander 1.5 Cross AT,mitsubishi-xpander-cross-1594872703.jpg,670000000,14,1,jpg,media/mitsubishi-xpander-cross-1594872703.jpg
Mitsubishi Triton 4×2 MT,Mitsubishi-triton-4x2-mt-2020-mau-trang-2.jpg,600000000,14,1,jpg,media/Mitsubishi-triton-4x2-mt-2020-mau-trang-2.jpg
Mitsubishi Triton 4×2 AT MIVEC,thumb-3-1.jpg,630000000,14,1,jpg,media/thumb-3-1.jpg
Mitsubishi Triton 4×4 MT MIVEC,Triton.png,675000000,14,1,png,media/Triton.png
Mitsubishi Triton 4×2 AT MIVEC Premium,Mitsubishi-Triton-2019-at-premium-viet-nam-tuvanmuaxe-2.jpg,740000000,14,1,jpg,media/Mitsubishi-Triton-2019-at-premium-viet-nam-tuvanmuaxe-2.jpg
Mitsubishi Triton 4×4 AT MIVEC Premium,triton-1-6.jpg,865000000,14,1,jpg,media/triton-1-6.jpg
Mitsubishi Pajero Sport 2.4 Diesel 4X2 AT,ngoai-that-mitsubishi-pajero-sport-2020-24-151493j.jpg,1110000000,14,1,jpg,media/ngoai-that-mitsubishi-pajero-sport-2020-24-151493j.jpg
Mitsubishi Pajero Sport 2.4 Diesel 4X4 AT,xe-suv-7-cho-mitsubishi-pajero-sport-may-dau-2-cau-1627396j24390.jpg,1345000000,14,1,jpg,media/xe-suv-7-cho-mitsubishi-pajero-sport-may-dau-2-cau-1627396j24390.jpg
Mitsubishi Grandis,mitsubishi-grandis-1.jpg,440000000,14,1,jpg,media/mitsubishi-grandis-1.jpg
Mitsubishi Outlander 2.0 CVT,Outlander-2.0-CVT.jpg,825000000,14,1,jpg,media/Outlander-2.0-CVT.jpg
Mitsubishi Outlander 2.0 CVT Premium,mitsubishi-outlander-2020-ra-mat-voi-nhieu-nang-cap-gia-khoi-diem-tu-825-trieu-dong-1-97655j.jpg,950000000,14,1,jpg,media/mitsubishi-outlander-2020-ra-mat-voi-nhieu-nang-cap-gia-khoi-diem-tu-825-trieu-dong-1-97655j.jpg
Mitsubishi Outlander 2.4 CVT Premium,1579337516.jpg,1058000000,14,1,jpg,media/1579337516.jpg
Mitsubishi Mirage MT,1.png-15.jpg,380500000,14,1,jpg,media/1.png-15.jpg
Mitsubishi Mirage CVT Eco,Mirage-MT-Eco.jpg,415500000,14,1,jpg,media/Mirage-MT-Eco.jpg
Mitsubishi Mirage CVT,24a6fa4864427a1143f081000x750-8ad7.jpg,450500000,14,1,jpg,media/24a6fa4864427a1143f081000x750-8ad7.jpg
Mitsubishi Attrage 1.2 MT,6dbed299-a1fb.jpg,375000000,14,1,jpg,media/6dbed299-a1fb.jpg
Mitsubishi Attrage 1.2 CVT,gia-xe-mitsubishi-attrage-cvt-2020-so-tu-dong-muaxegiatot-vn.jpg,460000000,14,1,jpg,media/gia-xe-mitsubishi-attrage-cvt-2020-so-tu-dong-muaxegiatot-vn.jpg
Mitsubishi Attrage 1.2 Premium CVT,attrage-2020-do-ngoai-that-1.jpg,485000000,14,1,jpg,media/attrage-2020-do-ngoai-that-1.jpg
VinFast Lux A 2.0,vinfast-lux-a-2-14.jpg,1031000000,15,1,jpg,media/vinfast-lux-a-2-14.jpg
VinFast Lux SA2.,nguoi-dac-biet-lai-thu-chiec-xe-vinfast-dau-tien-va-chia-se-day--5fbcdc.jpg,1362490000,15,1,jpg,media/nguoi-dac-biet-lai-thu-chiec-xe-vinfast-dau-tien-va-chia-se-day--5fbcdc.jpg
VinFast President,gia-xe-vinfast-president-oto-com-vn-2-db70.jpg,4600000000,15,1,jpg,media/gia-xe-vinfast-president-oto-com-vn-2-db70.jpg
VinFast Fadil 1.4 BẢN TIÊU CHUẨN CVT,vinfast-fadil-1-4-cvt-tieu-chuan-2019.jpg,434000000,15,1,jpg,media/vinfast-fadil-1-4-cvt-tieu-chuan-2019.jpg
VinFast Fadil 1.4 BẢN NÂNG CAO,vinfast-fadil-2021-1024x827-min.jpeg,434000000,15,1,peg,media/vinfast-fadil-2021-1024x827-min.jpeg
VinFast Fadil 1.4 BẢN CAO CẤP,vinfast-fadil-0.jpg,474000000,15,1,jpg,media/vinfast-fadil-0.jpg
Chevrolet Trailblazer 2.5L VGT 4x4 AT LTZ,chevrolet-trailblazer-phien-ban-25l-vgt-4x4-at-ltz.png,1066000000,16,1,png,media/chevrolet-trailblazer-phien-ban-25l-vgt-4x4-at-ltz.png
Chevrolet Trailblazer 2.5L VGT 4x2 AT LT,Chevrolet-trailblazer.jpg,925000000,16,1,jpg,media/Chevrolet-trailblazer.jpg
Chevrolet Trailblazer 2.5L 4x2 MT LT,1-CẦU-SỐ-SÀN-ĐEN.png,855000000,16,1,png,media/1-CẦU-SỐ-SÀN-ĐEN.png
Chevrolet Spark LS Manual,Screen-Shot-2018-04-03-at-10.51.32-PM-610x360.png,323000000,16,1,png,media/Screen-Shot-2018-04-03-at-10.51.32-PM-610x360.png
Chevrolet Spark LS Automatic,1.jpg,349000000,16,1,jpg,media/1.jpg
Chevrolet Spark LT 1 Manual,xe-chevrolet-spark-lt-1-2.jpg,368000000,16,1,jpg,media/xe-chevrolet-spark-lt-1-2.jpg
Chevrolet Spark LT 1 Automatic,chevrolet-spark-2018-3.jpg,393000000,16,1,jpg,media/chevrolet-spark-2018-3.jpg
Chevrolet Spark ACTIV Manual,USC70CHC331H021001.jpg,393000000,16,1,jpg,media/USC70CHC331H021001.jpg
Chevrolet Spark LT 2 Manual,USC50CHC331D021001.jpg,403000000,16,1,jpg,media/USC50CHC331D021001.jpg
Chevrolet Spark ACTIV Automatic,10250d5.jpg,419000000,16,1,jpg,media/10250d5.jpg
Chevrolet Spark LT 2 Automatic,USC90CHC331D021001.jpg,427000000,16,1,jpg,media/USC90CHC331D021001.jpg
Chevrolet Colorado 2.5L,chevrolet-colorado-2018-gia-xe-tuvanmuaxe-2.jpg,700000000,16,1,jpg,media/chevrolet-colorado-2018-gia-xe-tuvanmuaxe-2.jpg
Chevrolet Colorado High Country,doanhnhanplus_coloradohighcountrystorm2019_02.jpg,819000000,16,1,jpg,media/doanhnhanplus_coloradohighcountrystorm2019_02.jpg
Chevrolet Colorado Storm,thiet-ket-chevrolet-colorado-high-country-storm-2018-2019-muaxegiatot-vn-13.jpg,819000000,16,1,jpg,media/thiet-ket-chevrolet-colorado-high-country-storm-2018-2019-muaxegiatot-vn-13.jpg
Chevrolet Cruze LT,01.jpg,589000000,16,1,jpg,media/01.jpg
Chevrolet Cruze LTZ,danh-gia-xe-chevrolet-cruze-ltz-2016-chi-tiet-ve-thiet-ke-va-dong-co.1.jpg,699000000,16,1,jpg,media/danh-gia-xe-chevrolet-cruze-ltz-2016-chi-tiet-ve-thiet-ke-va-dong-co.1.jpg
Chevrolet Captiva,chevrolet-captiva-aurora-silver-metallic.jpg,879000000,16,1,jpg,media/chevrolet-captiva-aurora-silver-metallic.jpg
Chevrolet Aveo AT(số tự động),Chevrolet-Aveo-2017-2018-den-xe-muaxegiatot-vn.jpg,495000000,16,1,jpg,media/Chevrolet-Aveo-2017-2018-den-xe-muaxegiatot-vn.jpg
Chevrolet Aveo MT (số sàn),Chevrolet-Aveo-2017-2018-den-xe-muaxegiatot-vn.jpg,459000000,16,1,jpg,media/Chevrolet-Aveo-2017-2018-den-xe-muaxegiatot-vn.jpg
Chevrolet Lacetti,20210324145906-abf5_wm.jpg,200000000,16,1,jpg,media/20210324145906-abf5_wm.jpg
Honda vario 125,149256935054748-vario-125-sonic-white-red.jpg,43000000,29,2,jpg,tmp_file_upload/149256935054748-vario-125-sonic-white-red.jpg
Honda vario 150,untitled1-1515317159.jpg,55000000,29,2,jpg,tmp_file_upload/untitled1-1515317159.jpg
Honda SH 2020,tieuchuan_trangden_image-honda-doanh-thu.png,95000000,29,2,jpg,tmp_file_upload/tieuchuan_trangden_image-honda-doanh-thu.png
Honda SH 2021,honda-sh-2020-mau-xam-ced5.jpg,95000000,29,2,jpg,tmp_file_upload/honda-sh-2020-mau-xam-ced5.jpg
Honda SH 125i ABS,dbc94bf7d8ef01c887186032ba58dc80.jpg,80000000,29,2,jpg,tmp_file_upload/dbc94bf7d8ef01c887186032ba58dc80.jpg
Honda SH 150i ABS,4005a2f172598ed9cdf8ebf680ffbcb1.jpg,95000000,29,2,jpg,tmp_file_upload/4005a2f172598ed9cdf8ebf680ffbcb1.jpg
Honda SH 300i,honda-sh-300i-tinxev-65f4.png,280000000,29,2,jpg,tmp_file_upload/honda-sh-300i-tinxev-65f4.png
Honda SH Mode 2019,2eb4014d0bbddd77aee7432823635fa7.jpg,60000000,29,2,jpg,tmp_file_upload/2eb4014d0bbddd77aee7432823635fa7.jpg
Honda SH Mode 2020,sh-mode-trang-nau.jpg,58000000,29,2,jpg,tmp_file_upload/sh-mode-trang-nau.jpg
Honda SH Mode 2021,ride-honda-sh-mode-2021-2.jpg,58000000,29,2,jpg,tmp_file_upload/ride-honda-sh-mode-2021-2.jpg
Honda SH Mode ABS,bang-gia-xe-sh-mode-moi-nhat-ngay-1552020-27-.8508.png,58000000,29,2,jpg,tmp_file_upload/bang-gia-xe-sh-mode-moi-nhat-ngay-1552020-27-.8508.png
Honda Winner 150,999_winner-150.jpg,45500000,29,2,jpg,tmp_file_upload/999_winner-150.jpg
Honda Winner X thể thao,627561970b1dffbe054f8ec2a3efa34c.jpg,46000000,29,2,jpg,tmp_file_upload/627561970b1dffbe054f8ec2a3efa34c.jpg
Honda Winner 2021,winner-x-ra-mat-phien-ban-moi-2021-cuc-dep-9125-1598231077-5f431225cbe4c.jpg,50000000,29,2,jpg,tmp_file_upload/winner-x-ra-mat-phien-ban-moi-2021-cuc-dep-9125-1598231077-5f431225cbe4c.jpg
Honda Winner 2020,image-techz-1569330774.jpg,50000000,29,2,jpg,tmp_file_upload/image-techz-1569330774.jpg
Honda Vision 2019,0e499ba3ad1741b54ca5d2d8d41d7824.jpg,37500000,29,2,jpg,tmp_file_upload/0e499ba3ad1741b54ca5d2d8d41d7824.jpg
Honda Vision 2020,honda-vision-2020-danh-gia-xe-moi-motosaigon-3.jpg,32000000,29,2,jpg,tmp_file_upload/honda-vision-2020-danh-gia-xe-moi-motosaigon-3.jpg
Honda Vision 2021,honda-vision-the-he-moi-2021-voi-ban-cu-co-gi-hot-khien-dan-tinhlot-ho-khong-mua-dung-tiec-1.jpg,39000000,29,2,jpg,tmp_file_upload/honda-vision-the-he-moi-2021-voi-ban-cu-co-gi-hot-khien-dan-tinhlot-ho-khong-mua-dung-tiec-1.jpg
Honda Wave RSX,honda-wave-rsx-fi-110-2021-3-c4a1.jpg,22000000,29,2,jpg,tmp_file_upload/honda-wave-rsx-fi-110-2021-3-c4a1.jpg
Honda Wave Nice,image-removebg-preview.png,22000000,29,2,jpg,tmp_file_upload/image-removebg-preview.png
Honda Wave Thái 100,image-removebg.png,10000000,29,2,jpg,tmp_file_upload/image-removebg.png
Honda Wave 110,honda-wave-110-d.jpg,18500000,29,2,jpg,tmp_file_upload/honda-wave-110-d.jpg
Honda Wave Alpha,green-1-550x400-acf-cropped-da0a.png,20000000,29,2,jpg,tmp_file_upload/green-1-550x400-acf-cropped-da0a.png
Honda AirBlade Thái,ab_thai.png,40000000,29,2,jpg,tmp_file_upload/ab_thai.png
Honda AirBlade 150,6255682330f407a237cfcfea4af5c4c3.jpg,50000000,29,2,jpg,tmp_file_upload/6255682330f407a237cfcfea4af5c4c3.jpg
Honda AirBlade 135,do-trang-den-1376564963.jpg,46000000,29,2,jpg,tmp_file_upload/do-trang-den-1376564963.jpg
Honda AirBlade 125,3-uu-diem-cua-honda-air-blade-125cc-phien-ban-moi-1.jpg,45000000,29,2,jpg,tmp_file_upload/3-uu-diem-cua-honda-air-blade-125cc-phien-ban-moi-1.jpg
Honda AirBlade 110,367_airblade-110fi.jpg,40000000,29,2,jpg,tmp_file_upload/367_airblade-110fi.jpg
Honda AirBlade 2021,5322_Honda_Air_Blade_2021__2.png,43000000,29,2,jpg,tmp_file_upload/5322_Honda_Air_Blade_2021__2.png
Honda AirBlade 2020,R4Gmcu_simg_de2fe0_500x500_maxb.png,41000000,29,2,jpg,tmp_file_upload/R4Gmcu_simg_de2fe0_500x500_maxb.png
Honda Lead 110,384_honda-lead-110.jpg,36000000,29,2,jpg,tmp_file_upload/384_honda-lead-110.jpg
Honda Lead 125,Xe-tay-ga-Honda-Lead-125-FI-2019-600x600.png,42000000,29,2,jpg,tmp_file_upload/Xe-tay-ga-Honda-Lead-125-FI-2019-600x600.png
Honda Lead 2020,Honda-Lead-2020-1.jpg,42000000,29,2,jpg,tmp_file_upload/Honda-Lead-2020-1.jpg
Honda Lead 2021,de30c9b9699833e4c97d24c4f8eb01b0.jpg,42000000,29,2,jpg,tmp_file_upload/de30c9b9699833e4c97d24c4f8eb01b0.jpg
Yamaha R1,1568884939-86024cad1e83101d97359d7351051156-439-1.jpg,600000000,18,2,jpg,tmp_file_upload/1568884939-86024cad1e83101d97359d7351051156-439-1.jpg
Yamaha R3,yamaha-r3-2020-danh-gia-xe-motosaigon-1.jpg,130000000,18,2,jpg,tmp_file_upload/yamaha-r3-2020-danh-gia-xe-motosaigon-1.jpg
Yamaha R6,yamaha-yzf-r6-2020_main_1596164441.jpg,280000000,18,2,jpg,tmp_file_upload/yamaha-yzf-r6-2020_main_1596164441.jpg
Yamaha R15,R15-GP-004.png,71000000,18,2,jpg,tmp_file_upload/R15-GP-004.png
Yamaha R25,1536219462-934-2019-yamaha-yzf-r25-sap-len-ke-mot-loat-doi-thu-lo-lang-ya1-1536217052-width660height494.jpg,110000000,18,2,jpg,tmp_file_upload/1536219462-934-2019-yamaha-yzf-r25-sap-len-ke-mot-loat-doi-thu-lo-lang-ya1-1536217052-width660height494.jpg
Yamaha Sirius GP,1442510605_news_817.jpg,21000000,18,2,jpg,tmp_file_upload/1442510605_news_817.jpg
Yamaha Sirius Fi,Sirius-Mat-Black-RC-004.png,23900000,18,2,jpg,tmp_file_upload/Sirius-Mat-Black-RC-004.png
Yamaha Sirius 110,sirus_110.png,18300000,18,2,jpg,tmp_file_upload/sirus_110.png
Yamaha Sirius 2020,yamaha-sirius-tinxev-141b.png,18300000,18,2,jpg,tmp_file_upload/yamaha-sirius-tinxev-141b.png
Yamaha Sirius 2021,sirus_2021.png,18300000,18,2,jpg,tmp_file_upload/sirus_2021.png
Yamaha Sirius RC,timthumb.png,21400000,18,2,jpg,tmp_file_upload/timthumb.png
Yamaha Janus 2021,gia-xe-yamaha-janus--6eb9.png,33000000,18,2,jpg,tmp_file_upload/gia-xe-yamaha-janus--6eb9.png
Yamaha Janus Premium,janus_pre.png,29900000,18,2,jpg,tmp_file_upload/janus_pre.png
Yamaha Janus Deluxe,Yamaha-Janus-2017.jpg,,18,2,jpg,tmp_file_upload/Yamaha-Janus-2017.jpg
Yamaha NVX 125,76d39f53e9c7c0e89b997a30f95143ae.jpg,45000000,18,2,jpg,tmp_file_upload/76d39f53e9c7c0e89b997a30f95143ae.jpg
Yamaha NVX 2020,gia-xe-yamaha-nvx-ti-a4e9.png,55000000,18,2,jpg,tmp_file_upload/gia-xe-yamaha-nvx-ti-a4e9.png
Yamaha NVX 2021,x30-black-004_740c5b3ceb8b41f581bce96ada932973.png,55000000,18,2,jpg,tmp_file_upload/x30-black-004_740c5b3ceb8b41f581bce96ada932973.png
Yamaha Exciter GP,Exciter-GP-004-1-300x240.png,46500000,18,2,jpg,tmp_file_upload/Exciter-GP-004-1-300x240.png
Yamaha Exciter Thái,yamaha-exciter-150-thai.jpg,29.990.000.,18,2,jpg,tmp_file_upload/yamaha-exciter-150-thai.jpg
Yamaha Exciter Spark 135i,Yamaha-Spark.jpg,66000000,18,2,jpg,tmp_file_upload/Yamaha-Spark.jpg
Yamaha Exciter 2021,2156819.jpg,47500000,18,2,jpg,tmp_file_upload/2156819.jpg
Yamaha Grande 2020,grande_white_0002-1.png,50000000,18,2,jpg,tmp_file_upload/grande_white_0002-1.png
Yamaha Grande 2021,500x400-8-4-2.png,50000000,18,2,jpg,tmp_file_upload/500x400-8-4-2.png
Yamaha Grande STD,577_grande-std.jpg,43000000,18,2,jpg,tmp_file_upload/577_grande-std.jpg
Yamaha Grande Deluxe,deluxe.png,41000000,18,2,jpg,tmp_file_upload/deluxe.png
Yamaha MT 03,MT-03-Black-004.png,124000000,18,2,jpg,tmp_file_upload/MT-03-Black-004.png
Yamaha MT 09,1509959066-86024cad1e83101d97359d7351051156-320-1.jpg,267000000,18,2,jpg,tmp_file_upload/1509959066-86024cad1e83101d97359d7351051156-320-1.jpg
Yamaha MT 10,1048_mt-10.jpg,520000000,18,2,jpg,tmp_file_upload/1048_mt-10.jpg
Yamaha MT 15,MT-15-GP-004.png,78000000,18,2,jpg,tmp_file_upload/MT-15-GP-004.png
Yamaha Nouvo GP,1397536999-86024cad1e83101d97359d7351051156-65-1.jpg,36400000,18,2,jpg,tmp_file_upload/1397536999-86024cad1e83101d97359d7351051156-65-1.jpg
Yamaha Nouvo LX,ipq1319517411-1323964555.jpg,37000000,18,2,jpg,tmp_file_upload/ipq1319517411-1323964555.jpg
Yamaha Nouvo Fi,nouvo-fi-gp.png,36000000,18,2,jpg,tmp_file_upload/nouvo-fi-gp.png
Piaggio Vespa 2020,w_capture-one-catalog0286.jpg,77500000,20,2,jpg,tmp_file_upload/w_capture-one-catalog0286.jpg
Piaggio Vespa 2021,hzs5pmpefouc.jpg,77500000,20,2,jpg,tmp_file_upload/hzs5pmpefouc.jpg
Piaggio Vespa Spint Carbon,w_White-Carbon-01-Flat.png,77800000,20,2,jpg,tmp_file_upload/w_White-Carbon-01-Flat.png
Piaggio Vespa LX,vespa-lx-tinxevn-2-9e5a.png,67800000,20,2,jpg,tmp_file_upload/vespa-lx-tinxevn-2-9e5a.png
Piaggio Vespa Primavera,vespa-primavera-tung-mau-moi-dep-me-ly-cho-khach-viet.png,76500000,20,2,jpg,tmp_file_upload/vespa-primavera-tung-mau-moi-dep-me-ly-cho-khach-viet.png
Piaggio Vespa gts,vespa-gts-300-8aed.png,93900000,20,2,jpg,tmp_file_upload/vespa-gts-300-8aed.png
Piaggio E3,xe-zip-100-4.png,36000000,20,2,jpg,tmp_file_upload/xe-zip-100-4.png
Piaggio ABS_125,Liberty125_DX_blue_rev2.webp,75000000,20,2,jpg,tmp_file_upload/Liberty125_DX_blue_rev2.webp
Piaggio Liberty 2020,Liberty_2020.jpg,58500000,20,2,jpg,tmp_file_upload/Liberty_2020.jpg
Piaggio Liberty 2021,Liberty_2021.jpg,58500000,20,2,jpg,tmp_file_upload/Liberty_2021.jpg
Piaggio Liberty Sport,"23,600,000",23600000,20,2,jpg,tmp_file_upload/23600000
Piaggio Liberty_s_Iget_125,piaggio_liberty_abs_125_iGet_mau_den_0.png,58400000,20,2,jpg,tmp_file_upload/piaggio_liberty_abs_125_iGet_mau_den_0.png
Suzuki Satria F150,Suzuki-Satria-F150-MatBlue.jpg,54300000,19,2,jpg,tmp_file_upload/Suzuki-Satria-F150-MatBlue.jpg
Suzuki Satria 2020,xe-suzuki-satria-f150-do-den-nhap-khau-indo-2019-923-slide-products-5db8425740c31.jpg,63000000,19,2,jpg,tmp_file_upload/xe-suzuki-satria-f150-do-den-nhap-khau-indo-2019-923-slide-products-5db8425740c31.jpg
Suzuki GSX S150,suzuki-gsx-s150-tinx-e607.png,69400000,19,2,jpg,tmp_file_upload/suzuki-gsx-s150-tinx-e607.png
Suzuki GSX R150,1.jpg,75000000,19,2,jpg,tmp_file_upload/1.jpg
Suzuki GSX 150 Bandit,740_Suzuki-Bandit-Red1.jpg,68900000,19,2,jpg,tmp_file_upload/740_Suzuki-Bandit-Red1.jpg
Suzuki GSX R600,gsx-r600-3.jpg,240000000,19,2,jpg,tmp_file_upload/gsx-r600-3.jpg
Suzuki GSX 1000,suzuki-gsx-r1000-l7-ong-vua-cua-dong-sportbike-9125-1447810949-564bd785a6a0d.jpg,190000000,19,2,jpg,tmp_file_upload/suzuki-gsx-r1000-l7-ong-vua-cua-dong-sportbike-9125-1447810949-564bd785a6a0d.jpg
Suzuki GD110,3.jpg,29100000,19,2,jpg,tmp_file_upload/3.jpg
Suzuki Raider 150 Fi,Suzuki-Raider-2021-gia-bao-nhieu.jpg,49000000,19,2,jpg,tmp_file_upload/Suzuki-Raider-2021-gia-bao-nhieu.jpg
Suzuki Raider  2021,suzuki-raider-r150-2-105415-3.jpg,61200000,19,2,jpg,tmp_file_upload/suzuki-raider-r150-2-105415-3.jpg
Suzuki GZ 150,755_gz150-a.jpg,67000000,19,2,jpg,tmp_file_upload/755_gz150-a.jpg
SYM Attila Elizabeth,201_attila-elizabeth-110.jpg,25190000,22,2,jpg,tmp_file_upload/201_attila-elizabeth-110.jpg
SYM Husky,pasted-image-0.png,33900000,22,2,jpg,tmp_file_upload/pasted-image-0.png
SYM Strar SR,Star-SR-125-Xanh-Đen.png,28000000,22,2,jpg,tmp_file_upload/Star-SR-125-Xanh-Đen.png
Ducati Monster 821,635_monster-821.jpg,130000000,23,2,jpg,tmp_file_upload/635_monster-821.jpg
Ducati 899 Panigale,1499586215-86024cad1e83101d97359d7351051156-132-1.jpg,577000000,23,2,jpg,tmp_file_upload/1499586215-86024cad1e83101d97359d7351051156-132-1.jpg
Ducati Scrambler 2019 Sixty2,Sixty2_left_view-1.jpg,269600000,23,2,jpg,tmp_file_upload/Sixty2_left_view-1.jpg
Ducati Scrambler 2019 Cafe Racer,cafe_reces.jpg,410900000,23,2,jpg,tmp_file_upload/cafe_reces.jpg
Ducati Scrambler 2019 Classic,646_scrambler-classic.jpg,347000000,23,2,jpg,tmp_file_upload/646_scrambler-classic.jpg
Ducati Scrambler 2019 March 2.0,Ducati-Scrambler-2019-MotoSaigon1.vn-8.jpg,365000000,23,2,jpg,tmp_file_upload/Ducati-Scrambler-2019-MotoSaigon1.vn-8.jpg
Ducati Scrambler 2019 Icon,4421972_2019-Ducati-Scrambler-Icon-01.jpg,323900000,23,2,jpg,tmp_file_upload/4421972_2019-Ducati-Scrambler-Icon-01.jpg
Ducati Scrambler 2019 Full Throttle,Ducati-Scrambler-Full-Throttle-2019-600x386.jpg,379900000,23,2,jpg,tmp_file_upload/Ducati-Scrambler-Full-Throttle-2019-600x386.jpg
Ducati Scrambler 2019 Desert Sled,4d47e796-72f3-4d87-bc45-3145bcb9db0d.jpg,429000000,23,2,jpg,tmp_file_upload/4d47e796-72f3-4d87-bc45-3145bcb9db0d.jpg
Ducati Hyperstrada 939,1500867673-86024cad1e83101d97359d7351051156-272-1.png,457900000,23,2,jpg,tmp_file_upload/1500867673-86024cad1e83101d97359d7351051156-272-1.png
Ducati Hypermotard 950,2019-ducati-monster-hypermotard-950-13.jpg,460000000,23,2,jpg,tmp_file_upload/2019-ducati-monster-hypermotard-950-13.jpg
Ducati Diavel 1260 bản chuẩn,xehay-ducati-diavel-1260-24012019-2.jpg,799000000,23,2,jpg,tmp_file_upload/xehay-ducati-diavel-1260-24012019-2.jpg
Ducati Diavel 1260S,ducati-diavel-1260-s-2020-1-1522035.jpg,899000000,23,2,jpg,tmp_file_upload/ducati-diavel-1260-s-2020-1-1522035.jpg
Ducati Streetfighter V4 tiêu chuẩn,ducati-streetfighter-v4-s-right-front-quarter-f362.jpg,650000000,23,2,jpg,tmp_file_upload/ducati-streetfighter-v4-s-right-front-quarter-f362.jpg
Ducati Streetfighter V4 S,ducati-streetfighter-v4-s-2021-ra-mat-phien-ban-dark-stealth-5500-1603503383-5f93851789cf6-0919.jpg,790000000,23,2,jpg,tmp_file_upload/ducati-streetfighter-v4-s-2021-ra-mat-phien-ban-dark-stealth-5500-1603503383-5f93851789cf6-0919.jpg
Ducati Multistrada 950,Multistrada-950-S-MY19-Studio-01-Gallery-1920x1080.jpg,550000000,23,2,jpg,tmp_file_upload/Multistrada-950-S-MY19-Studio-01-Gallery-1920x1080.jpg
Ducati Multistrada 1260 enduro,multistrada-1260-enduro-my19-04-studio-gallery-1920x1080.jpg,835000000,23,2,jpg,tmp_file_upload/multistrada-1260-enduro-my19-04-studio-gallery-1920x1080.jpg
Benelli TNT 125,benelli-tnt-125-46759.jpg,41900000,24,2,jpg,tmp_file_upload/benelli-tnt-125-46759.jpg
Benelli TNT175,01.jpg,75000000,24,2,jpg,tmp_file_upload/01.jpg
Benelli TNT 15,1500369945-86024cad1e83101d97359d7351051156-266-1.jpg,45000000,24,2,jpg,tmp_file_upload/1500369945-86024cad1e83101d97359d7351051156-266-1.jpg
Benelli TNT1130R,BENELLI-TNT-1130R-10474_2.jpg,577000000,24,2,jpg,tmp_file_upload/BENELLI-TNT-1130R-10474_2.jpg
Benelli TNT899,664_tnt-899.jpg,512000000,24,2,jpg,tmp_file_upload/664_tnt-899.jpg
Benelli TNT 25,white_benelli_tnt25_productperfilpight_1400x1000_White.png,85000000,24,2,jpg,tmp_file_upload/white_benelli_tnt25_productperfilpight_1400x1000_White.png
Benelli BN302 2017,1-1517000608.jpg,108000000,24,2,jpg,tmp_file_upload/1-1517000608.jpg
Benelli BN302 Italia,Benelli-BN302-2019-302S-MotoSaigon.vn-37.jpg,125000000,24,2,jpg,tmp_file_upload/Benelli-BN302-2019-302S-MotoSaigon.vn-37.jpg
